Page,Category,Title
https://www.sentinelone.com/cybersecurity-101/data-and-ai/,data-and-ai,
https://www.sentinelone.com/cybersecurity-101/data-and-ai/ai-application-security/,data-and-ai,Ai Application Security
https://www.sentinelone.com/cybersecurity-101/data-and-ai/ai-compliance/,data-and-ai,Ai Compliance
https://www.sentinelone.com/cybersecurity-101/data-and-ai/ai-cybersecurity-companies/,data-and-ai,Ai Cybersecurity Companies
https://www.sentinelone.com/cybersecurity-101/data-and-ai/ai-cybersecurity-trends/,data-and-ai,Ai Cybersecurity Trends
https://www.sentinelone.com/cybersecurity-101/data-and-ai/ai-data-security/,data-and-ai,Ai Data Security
https://www.sentinelone.com/cybersecurity-101/data-and-ai/ai-in-cloud-security/,data-and-ai,Ai In Cloud Security
https://www.sentinelone.com/cybersecurity-101/data-and-ai/ai-machine-learning-security/,data-and-ai,Ai Machine Learning Security
https://www.sentinelone.com/cybersecurity-101/data-and-ai/ai-model-security/,data-and-ai,Ai Model Security
https://www.sentinelone.com/cybersecurity-101/data-and-ai/ai-penetration-testing/,data-and-ai,Ai Penetration Testing
https://www.sentinelone.com/cybersecurity-101/data-and-ai/ai-red-teaming/,data-and-ai,Ai Red Teaming
https://www.sentinelone.com/cybersecurity-101/data-and-ai/ai-risk-assessment-framework/,data-and-ai,Ai Risk Assessment Framework
https://www.sentinelone.com/cybersecurity-101/data-and-ai/ai-risk-mitigation/,data-and-ai,Ai Risk Mitigation
https://www.sentinelone.com/cybersecurity-101/data-and-ai/ai-secops/,data-and-ai,Ai Secops
https://www.sentinelone.com/cybersecurity-101/data-and-ai/ai-security-assessment/,data-and-ai,Ai Security Assessment
https://www.sentinelone.com/cybersecurity-101/data-and-ai/ai-security-awareness-training/,data-and-ai,Ai Security Awareness Training
https://www.sentinelone.com/cybersecurity-101/data-and-ai/ai-security-best-practices/,data-and-ai,Ai Security Best Practices
https://www.sentinelone.com/cybersecurity-101/data-and-ai/ai-security-concerns/,data-and-ai,Ai Security Concerns
https://www.sentinelone.com/cybersecurity-101/data-and-ai/ai-security-risks/,data-and-ai,Ai Security Risks
https://www.sentinelone.com/cybersecurity-101/data-and-ai/ai-security-solutions/,data-and-ai,Ai Security Solutions
https://www.sentinelone.com/cybersecurity-101/data-and-ai/ai-security-standards/,data-and-ai,Ai Security Standards
https://www.sentinelone.com/cybersecurity-101/data-and-ai/ai-threat-detection/,data-and-ai,Ai Threat Detection
https://www.sentinelone.com/cybersecurity-101/data-and-ai/ai-use-cases-in-cybersecurity/,data-and-ai,Ai Use Cases In Cybersecurity
https://www.sentinelone.com/cybersecurity-101/data-and-ai/artificial-intelligence-in-cybersecurity/,data-and-ai,Artificial Intelligence In Cybersecurity
https://www.sentinelone.com/cybersecurity-101/data-and-ai/benefits-of-ai-in-cybersecurity/,data-and-ai,Benefits Of Ai In Cybersecurity
https://www.sentinelone.com/cybersecurity-101/data-and-ai/chatgpt-security-risks/,data-and-ai,Chatgpt Security Risks
https://www.sentinelone.com/cybersecurity-101/data-and-ai/generative-ai-cybersecurity/,data-and-ai,Generative Ai Cybersecurity
https://www.sentinelone.com/cybersecurity-101/data-and-ai/generative-ai-security-policy/,data-and-ai,Generative Ai Security Policy
https://www.sentinelone.com/cybersecurity-101/data-and-ai/generative-ai-security-risks/,data-and-ai,Generative Ai Security Risks
https://www.sentinelone.com/cybersecurity-101/data-and-ai/jailbreaking-llms/,data-and-ai,Jailbreaking LLMs
https://www.sentinelone.com/cybersecurity-101/data-and-ai/large-language-model-llm-cybersecurity/,data-and-ai,Large Language Model LLM Cybersecurity
https://www.sentinelone.com/cybersecurity-101/data-and-ai/llm-security/,data-and-ai,LLM Security
https://www.sentinelone.com/cybersecurity-101/data-and-ai/llm-security-risks/,data-and-ai,LLM Security Risks
https://www.sentinelone.com/cybersecurity-101/data-and-ai/what-is-ai-cybersecurity/,data-and-ai,What Is Ai Cybersecurity